Product,United Kingdom,France,Australia,Netherlands,Germany,Norway,EIRE,Switzerland,Spain,Poland,Portugal,Italy,Belgium,Lithuania,Japan,Iceland,Channel Islands,Denmark,Cyprus,Sweden,Austria,Israel,Finland,Bahrain
WORLD WAR 2 GLIDERS ASSTD DESIGNS,5196,0,0,0,0,0,0,0,48,0,0,0,0,0,0,0,0,0,0,576,0,0,0,0
WHITE HANGING HEART T-LIGHT HOLDER,4215,0,0,0,0,0,48,0,1,0,6,0,0,0,0,0,0,0,64,0,0,0,0,0
HAND WARMER BABUSHKA DESIGN,3606,12,0,48,108,0,12,0,0,0,0,0,0,0,0,0,0,0,0,0,0,0,0,0
PACK OF 72 RETROSPOT CAKE CASES,3320,72,0,240,72,48,72,0,0,0,0,0,0,0,0,0,0,0,0,240,0,0,0,0
SMALL POPCORN HOLDER,3180,36,0,0,24,144,60,0,0,0,0,0,0,0,0,0,0,0,0,0,0,0,0,0
JUMBO BAG RED RETROSPOT,2860,0,10,0,40,0,10,0,10,0,10,0,10,0,0,0,0,0,0,0,0,0,0,0
GROW A FLYTRAP OR SUNFLOWER IN TIN,2641,0,0,0,0,0,0,0,0,0,0,0,0,0,0,0,0,0,0,0,0,0,0,0
PACK OF 12 LONDON TISSUES ,2599,0,0,0,24,0,0,0,0,0,0,0,0,0,0,0,0,0,0,0,0,0,72,0
ASSORTED COLOUR BIRD ORNAMENT,2571,120,0,0,16,0,0,0,0,0,0,0,0,0,0,0,0,0,24,0,0,0,0,0
MINI PAINT SET VINTAGE ,2494,108,576,0,0,0,36,0,0,0,0,0,576,0,0,36,0,0,0,0,0,0,0,0
